{
  "epoch": 95,
  "val_loss": 0.07137423132856686,
  "train_loss": 0.15225165098905563
}